city_name,cloudiness,country,date,humidity,lat,lng,max_temp,wind_speed
Georgetown,20,GY,1562896864,100,6.8,-58.16,77,1.43
Kapaa,20,US,1562896865,66,22.08,-159.32,86,11.41
Bredasdorp,96,ZA,1562896866,87,-34.53,20.04,55.4,5.82
Arraial do Cabo,0,BR,1562896868,93,-22.97,-42.02,55.4,2.24
Mar del Plata,0,AR,1562896869,67,-46.43,-67.52,40,7.07
Ushuaia,75,AR,1562896870,93,-54.81,-68.31,37.4,9.17
Castro,90,CL,1562896871,93,-42.48,-73.76,46.4,14.99
Beloha,0,MG,1562896872,89,-25.17,45.06,57.96,5.12
Ilo,89,PE,1562896874,84,-17.65,-71.34,60.72,7.85
Boueni,75,YT,1562896876,83,-12.9,45.08,77,14.99
Rikitea,0,PF,1562896878,81,-23.12,-134.97,73.35,14.32
Bud,51,NO,1562896879,87,62.91,6.91,51.8,16.11
Punta Arenas,90,CL,1562896880,93,-53.16,-70.91,39.2,17.22
Yaan,82,NG,1562896882,98,7.38,8.57,70.37,4.14
Kununurra,11,AU,1562896883,28,-15.77,128.74,82.4,11.41
Leo,100,BF,1562896884,77,11.1,-2.1,76.52,5.1
Albany,40,US,1562896885,94,42.65,-73.75,75.99,4.97
Mataura,100,NZ,1562896886,82,-46.19,168.86,46.99,3
Great Yarmouth,67,GB,1562896888,88,52.61,1.73,64,8.05
Barrow,88,AR,1562896889,83,-38.31,-60.23,47.97,1.32
Sao Joao da Barra,0,BR,1562896890,89,-21.64,-41.05,59.31,1.83
Kahului,20,US,1562896891,48,20.89,-156.47,86,17.22
Inuvik,75,CA,1562896892,57,68.36,-133.71,50,12.75
Polyarnyy,75,RU,1562896893,80,69.2,33.45,41,11.18
Kangaatsiaq,0,GL,1562896895,84,68.31,-53.46,44.63,6.93
Cape Town,75,ZA,1562896720,93,-33.93,18.42,55.99,9.17
Puerto Ayora,0,EC,1562896897,93,-0.74,-90.35,71.01,3
Gagnoa,70,CI,1562896899,94,6.13,-5.95,69.57,3.89
Laguna,20,BZ,1562896902,78,16.17,-88.94,82.4,4.7
Beidao,0,CN,1562896903,49,34.57,105.89,71.43,2.39
Primorsk,99,RU,1562896904,74,60.37,28.62,52.94,10.98
Pevek,73,RU,1562896906,72,69.7,170.27,48.32,3.36
Marmande,0,FR,1562896907,64,44.5,0.16,68,6.93
Mount Gambier,40,AU,1562896908,81,-37.83,140.78,50,17.22
Saint Anthony,1,US,1562896910,21,43.97,-111.68,91.4,14.99
Olinda,75,AU,1562896911,81,-37.84,145.39,55.99,21.92
Busselton,100,AU,1562896913,68,-33.64,115.35,57.99,7.29
Bluff,0,AU,1562896914,32,-23.58,149.07,72.13,2.84
Esperance,90,AU,1562896915,100,-33.86,121.89,55.4,8.05
Touros,40,BR,1562896917,94,-5.2,-35.46,73.4,3.36
Vaini,75,IN,1562896918,94,15.34,74.49,71.6,9.17
San Jose,40,HN,1562896919,73,14.25,-87.96,75.2,6.93
Butaritari,55,KI,1562896920,75,3.07,172.79,85.02,10.38
Nikolskoye,20,RU,1562896921,81,59.7,30.79,50,4.47
Cuamba,50,MZ,1562896923,97,-14.8,36.54,53.18,4.12
Yumen,1,CN,1562896924,25,40.29,97.04,81.29,11.77
Otukpo,80,NG,1562896925,98,7.19,8.13,69.84,3.58
Saint George,40,GR,1562896926,77,39.45,22.34,66.2,1.07
Komsomolskiy,100,RU,1562896928,92,67.55,63.78,54.87,16.08
Sal Rei,40,CV,1562896930,78,16.18,-22.92,73.4,11.41
Roald,49,NO,1562896931,87,62.58,6.12,51.8,16.11
Nanortalik,100,GL,1562896932,95,60.14,-45.24,38.87,2.08
Port Hedland,0,AU,1562896933,15,-20.31,118.58,78.8,21.92
Ilulissat,0,GL,1562896934,81,69.22,-51.1,46.4,2.86
Mandalgovi,58,MN,1562896936,32,45.76,106.27,77.17,3.83
Bucyrus,75,US,1562896741,57,40.81,-82.98,82.4,3.36
Nikel,4,NO,1562896938,81,69.41,30.21,44.6,16.11
Saldanha,0,PT,1562896940,47,41.42,-6.55,71.79,3.09
Diamantino,0,BR,1562896941,46,-14.4,-56.44,68.67,4.92
Longyearbyen,75,NO,1562896943,86,78.22,15.63,41,25.28
Severo-Kurilsk,100,RU,1562896944,96,50.68,156.12,43.58,7.16
Hilo,75,US,1562896783,54,19.71,-155.08,84.2,13.87
Hithadhoo,0,MV,1562896946,75,-0.6,73.08,84.17,10.71
Salalah,100,OM,1562896947,94,17.01,54.1,76.81,3.65
Cidreira,100,BR,1562896948,73,-30.17,-50.22,61.15,8.93
Naze,100,NG,1562896950,97,5.43,7.07,71.64,5.86
Geraldton,20,CA,1562896790,60,49.72,-86.95,68,6.93
Atuona,25,PF,1562896952,78,-9.8,-139.03,80.97,18.72
Verkhoyansk,82,RU,1562896953,33,67.55,133.39,80.75,5.91
Carnarvon,0,ZA,1562896954,39,-30.97,22.13,44.34,2.53
Khatanga,83,RU,1562896955,48,71.98,102.47,55.78,11.92
Marzuq,50,YE,1562896957,38,14.4,46.47,77.89,5.64
Chokurdakh,28,RU,1562896958,54,70.62,147.9,62.34,8.72
Upernavik,67,GL,1562896960,93,72.79,-56.15,43.8,11.14
Hobart,75,AU,1562896842,70,-42.88,147.33,46.4,17.22
Zurrieq,0,MT,1562896962,88,35.83,14.47,78.01,6.93
Port Alfred,98,ZA,1562896963,82,-33.59,26.89,60.01,5.01
Manzhouli,100,CN,1562896965,27,49.6,117.43,83.78,7.99
Iki-Burul,68,RU,1562896966,93,45.82,44.65,62.6,13.42
Yellowknife,75,CA,1562896888,82,62.45,-114.38,59,6.93
Konya,40,TR,1562896968,67,37.87,32.48,63,10.29
Mayo,90,CA,1562896970,68,63.59,-135.9,66.2,2.24
La Palma,100,CO,1562896972,95,5.36,-74.39,67.02,3.74
Shipitsyno,88,RU,1562896973,87,61.28,46.52,47.22,0.58
Qaanaaq,49,GL,1562896974,51,77.48,-69.36,45.85,9.08
Acapulco,90,MX,1562896975,74,16.86,-99.88,86,2.24
Westport,90,US,1562896806,88,41.14,-73.36,75.99,3.36
Tynda,9,RU,1562896977,43,55.15,124.74,77.12,5.21
Isangel,90,VU,1562896979,74,-19.55,169.27,78.8,9.17
Nome,1,US,1562896980,100,30.04,-94.42,87.01,3.36
Brookings,1,US,1562896799,78,44.31,-96.8,82.4,9.17
Bandarbeyla,100,SO,1562896982,56,9.49,50.81,80.37,25.86
New Norfolk,75,AU,1562896983,70,-42.78,147.06,46.4,17.22
Pochutla,90,MX,1562896984,78,15.74,-96.47,82.99,1.5
Mana,100,NG,1562896986,70,13.03,5.27,79.4,19.01
Avarua,2,CK,1562896987,77,-21.21,-159.78,73.64,3.96
Kodiak,1,US,1562896988,31,39.95,-94.76,80.6,4.7
Ponta do Sol,0,BR,1562896989,59,-20.63,-46,54.33,2.8
Natal,20,BR,1562896728,88,-5.81,-35.21,73.4,5.82
Mecca,100,SA,1562896736,24,21.43,39.83,81.29,2.33
Iqaluit,90,CA,1562896994,87,63.75,-68.52,51.8,19.46
Gunjur,40,GM,1562896995,83,13.18,-16.76,78.8,5.82
Luderitz,0,NA,1562896996,84,-26.65,15.16,55.28,12.77
Bubaque,100,GW,1562896998,84,11.28,-15.83,79.67,6.15
Georgiyevka,0,RU,1562896999,90,52.25,40.45,54.96,4.25
Hermanus,100,ZA,1562897001,99,-34.42,19.24,54,13.62
Moindou,0,NC,1562897002,53,-21.69,165.68,77,13.87
The Valley,40,AI,1562896705,74,18.22,-63.06,82.4,11.41
Kolaras,34,IN,1562897005,72,25.22,77.61,82.61,18.41
Lavrentiya,0,RU,1562897007,31,65.58,-170.99,73.16,7.99
Te Anau,100,NZ,1562897009,82,-45.41,167.72,44.75,3.87
Akdepe,0,TM,1562897010,44,42.05,59.39,78.8,6.93
Amos,75,CA,1562897011,88,48.57,-78.12,64.4,10.29
Tasiilaq,6,GL,1562897012,74,65.61,-37.64,31.09,1.48
Kruisfontein,21,ZA,1562897013,85,-34,24.73,53.55,9.64
Katsuura,40,JP,1562897015,69,33.93,134.5,81,18.34
Dikson,100,RU,1562897016,88,73.51,80.55,35.43,13.33
Bembereke,36,BJ,1562897017,90,10.23,2.66,71.41,5.3
Caravelas,94,BR,1562897018,70,-17.73,-39.27,72.63,6.11
Lodja,100,CD,1562897019,91,-3.52,23.6,70.69,2.55
Nishihara,90,JP,1562897020,94,35.74,139.53,73,6.93
Kavaratti,52,IN,1562897022,82,10.57,72.64,82.98,12.28
Tiksi,99,RU,1562897023,69,71.64,128.87,56.11,12.03
Poum,90,MK,1562897024,79,41.28,20.71,49.93,3.2
Saskylakh,67,RU,1562897025,46,71.97,114.09,58.67,15.08
Sorong,43,ID,1562897026,66,-0.86,131.25,82.21,14.36
Kehtna,0,EE,1562897028,93,58.92,24.87,42.8,1.12
Severobaykalsk,61,RU,1562897029,40,55.65,109.32,71.59,7.14
Aklavik,75,CA,1562897030,57,68.22,-135.01,50,12.75
Praia,0,BR,1562897031,81,-20.25,-43.81,57.2,1.5
Thompson,75,CA,1562896750,87,55.74,-97.86,59,3.36
Dzhebariki-Khaya,1,RU,1562897033,28,62.22,135.8,85.93,7.4
Kathu,0,ZA,1562896929,53,-27.7,23.05,37.99,2.93
Saint-Augustin,90,CA,1562897036,93,45.63,-73.98,66.99,8.05
Lebu,75,ET,1562897037,87,8.96,38.73,55.4,4.7
Tapiramuta,23,BR,1562897039,99,-11.85,-40.79,59.73,3.4
Zeya,40,RU,1562897040,34,53.74,127.27,82.91,4.21
Prachin Buri,91,TH,1562897042,62,14.05,101.37,91,2.8
Mangrol,40,IN,1562897044,74,25.33,76.51,84.2,3.36
San Cristobal,100,HN,1562897045,83,14.68,-86.92,69.16,7.38
Jiangyou,100,CN,1562896983,54,31.78,104.73,76.92,2.55
Talnakh,75,RU,1562897047,93,69.49,88.39,50,15.66
Jamestown,100,AU,1562896803,73,-33.21,138.6,52.67,20.58
Tuktoyaktuk,90,CA,1562897050,80,69.44,-133.03,39.2,13.87
Bilma,14,NE,1562897051,36,18.69,12.92,87.07,14.43
Cabo San Lucas,5,MX,1562897016,48,22.89,-109.91,89.6,10.29
Sao Filipe,0,CV,1562897053,87,14.9,-24.5,71.97,17.09
Fort-Shevchenko,19,KZ,1562897054,66,44.51,50.26,79.82,7.2
College,90,US,1562897055,34,64.86,-147.8,84.2,10.29
Ushtobe,0,KZ,1562897057,39,45.25,77.98,74.74,20.42
Bambous Virieux,20,MU,1562897058,82,-20.34,57.76,68,6.93
Oyama,90,JP,1562897059,83,36.31,139.8,73,4.7
Saint-Leu,90,RE,1562897061,60,-21.15,55.28,71.6,4.7
Tautira,75,PF,1562897062,65,-17.73,-149.15,82.4,8.05
Oudtshoorn,100,ZA,1562897064,82,-33.59,22.2,55.4,4.7
Constitucion,75,MX,1562897065,64,23.99,-104.67,68,12.75
Namibe,9,AO,1562897066,85,-15.19,12.15,64.57,12.44
Taixing,100,CN,1562897069,77,32.17,120.02,88,7.65
Russell,1,US,1562897071,45,38.9,-98.86,84.2,11.41
Zhireken,71,RU,1562897072,32,52.82,117.29,86.08,2.53
Yar-Sale,97,RU,1562897073,74,66.83,70.83,62.98,15.79
Muroto,75,JP,1562897076,78,33.37,134.14,78.8,8.05
Zheleznodorozhnyy,75,RU,1562897077,93,55.75,38,53.6,4.47
Kadoshkino,9,RU,1562897078,91,54.03,44.42,55.7,5.21
Bathsheba,40,BB,1562896965,74,13.22,-59.52,82.4,16.11
Altamont,1,CA,1562897080,65,49.4,-98.5,82.4,10.29
Vanimo,97,PG,1562897081,75,-2.67,141.3,80.07,5.66
Zabaykalsk,58,CN,1562897083,27,49.64,117.33,84.95,9.26
Hadejia,99,NG,1562897084,62,12.45,10.04,79.46,13.58
Vila Velha,75,BR,1562897085,78,-3.71,-38.6,86,10.29
Bethel,90,US,1562897035,68,60.79,-161.76,71.6,12.75
Qasigiannguit,0,GL,1562897088,81,68.82,-51.19,46.4,1.86
San Patricio,0,PY,1562897090,72,-26.98,-56.83,67.41,9.13
Dolores,99,UY,1562897093,97,-33.53,-58.22,60.18,4.12
Whyalla,90,AU,1562897094,59,-33.04,137.58,60.8,21.92
Wanaka,100,NZ,1562897095,86,-44.7,169.14,48,1.99
Cururupu,3,BR,1562897096,99,-1.82,-44.87,71.08,1.45
Tuatapere,100,NZ,1562897099,82,-46.13,167.69,46.99,3
Souillac,0,FR,1562897100,82,45.6,-0.6,66.2,4.7
Alofi,75,NU,1562897102,74,-19.06,-169.92,80.6,12.75
Celestun,100,MX,1562897103,79,20.87,-90.4,82.52,11.72
Amapa,75,HN,1562897105,74,15.09,-87.97,84.2,19.46
Panaba,100,MX,1562897106,85,21.28,-88.27,73.77,6.04
Takoradi,99,GH,1562897107,93,4.89,-1.75,72.47,4.52
Hofn,84,IS,1562897108,87,64.25,-15.21,41.49,4.79
Amalfi,100,CO,1562897110,97,6.91,-75.07,56.43,3.02
Pangnirtung,100,CA,1562897112,46,66.15,-65.72,57.87,5.59
Nantucket,20,US,1562896866,94,41.28,-70.1,72,6.93
Gernsbach,80,DE,1562897116,100,48.76,8.34,61,2.24
Liverpool,90,GB,1562896959,93,53.41,-2.98,61,2.24
Noumea,0,NC,1562897119,53,-22.28,166.46,77,13.87
Provideniya,40,RU,1562897121,87,64.42,-173.23,51.8,11.18
Ozernovskiy,100,RU,1562897122,97,51.5,156.52,44.84,9.04
Mabaruma,92,GY,1562897123,99,8.2,-59.78,72.78,0.87
Dali,100,CN,1562897124,54,34.79,109.94,77.85,5.64
Sai Buri,0,TH,1562897125,83,6.7,101.62,77,6.93
East London,29,ZA,1562897127,87,-33.02,27.91,53.36,11.54
Mujiayingzi,29,CN,1562897128,42,42.12,118.78,76.52,8.39
Hamilton,20,CA,1562896961,73,43.26,-79.87,73.4,5.82
Kargil,56,PK,1562897130,39,34.56,76.13,55.95,1.59
Jaru,50,BR,1562897132,66,-10.43,-62.48,75.8,1.97
Narsaq,20,GL,1562897133,70,60.91,-46.05,48.2,2.24
Zhizdra,99,RU,1562897136,83,53.75,34.74,49.85,2.13
Port Elizabeth,75,US,1562897137,100,39.31,-74.98,75,9.35
La Libertad,0,PE,1562897138,25,-16.38,-71.56,51.8,6.93
Alice Springs,0,AU,1562897134,24,-23.7,133.88,66.2,3.36
Nesterov,42,RU,1562897142,98,54.63,22.57,47.58,3.94
Lorca,0,ES,1562896951,57,37.67,-1.7,75,1.01
Ipixuna,40,BR,1562897144,88,-1.76,-48.8,77,3.36
Bambanglipuro,51,ID,1562897145,81,-7.95,110.28,76.09,12.91
San Quintin,0,PH,1562897146,66,17.54,120.52,87.12,4.9
Kommunar,20,RU,1562897148,81,59.62,30.39,50,4.47
Ribeira Grande,0,PT,1562897149,78,38.52,-28.7,70.91,4.92
Bonaventure,1,CA,1562897150,63,48.04,-65.49,66.2,5.82
Hoopstad,0,ZA,1562897151,51,-27.83,25.91,43.98,3.44
Qaqortoq,20,GL,1562897152,70,60.72,-46.03,48.2,2.24
Port Moresby,20,PG,1562897154,54,-9.47,147.16,82.4,17.22
Taitung,20,TW,1562896863,74,22.76,121.15,87.8,3.36
Manono,30,CD,1562897156,41,-7.3,27.4,63.94,1.3
Boli,78,CN,1562897157,63,45.76,130.56,76.85,3.4
Mwene-Ditu,100,CD,1562897158,39,-7.01,23.45,64.89,3.89
Padang,0,ID,1562897159,74,-0.92,100.36,82.08,3.94
Buala,100,SB,1562897161,77,-8.15,159.59,82.53,13.71
Cheremshan,100,RU,1562897162,96,54.66,51.51,56.79,5.5
Oshakati,0,NA,1562897163,30,-17.78,15.7,53.6,2.24
Bilibino,66,RU,1562897164,30,68.06,166.44,77.89,8.57
Burgthann,90,DE,1562897165,100,49.36,11.32,57.99,3.36
Faya,40,SA,1562897167,52,18.39,42.45,71.6,3.85
Cayenne,5,GF,1562897059,94,4.94,-52.33,75.2,3.8
Pila,20,PH,1562897169,66,14.24,121.36,87.8,2.24
Husavik,20,CA,1562897170,60,50.56,-96.99,80.01,5.99
Jurm,0,AF,1562897171,24,36.86,70.83,74.07,1.28
Sagarejo,40,GE,1562897172,73,41.73,45.33,69.8,3.36
Norman Wells,75,CA,1562896955,54,65.28,-126.83,57.2,14.99
Rocha,100,UY,1562896947,93,-34.48,-54.34,54.99,6.96
Nelson Bay,0,AU,1562897176,42,-32.72,152.14,66.99,23.04
Cherskiy,98,RU,1562897177,30,68.75,161.3,83.52,3.11
Mercedes,99,UY,1562897178,97,-33.25,-58.03,60.18,4.12
Batsfjord,0,NO,1562897179,79,70.63,29.72,44.14,5.61
Henties Bay,0,NA,1562897181,96,-22.12,14.28,52,4
Lorengau,78,PG,1562897182,74,-2.02,147.27,81.76,15.1
Havoysund,3,NO,1562897183,66,71,24.66,50,3.36
Soma,75,JP,1562897184,88,37.8,140.92,66.99,5.82
Baykit,25,RU,1562897186,35,61.68,96.39,65.4,9.37
Bosaso,100,SO,1562897188,58,11.28,49.18,89.61,12.39
Prescott,1,US,1562897128,20,34.54,-112.47,91,18.34
Nchelenge,14,ZM,1562897190,59,-9.35,28.74,57.69,9.46
Abu Dhabi,0,AE,1562897191,42,24.47,54.37,87.8,9.17
Kabanjahe,25,ID,1562897194,68,3.1,98.49,83.6,0.81
Samarai,100,PG,1562897196,72,-10.62,150.67,75.41,10.96
Polunochnoye,0,RU,1562897197,71,60.87,60.43,60.66,4.29
San Antonio,90,CL,1562896952,100,-33.58,-71.61,50,1.12
Vila,0,IT,1562897199,82,45.18,8.4,72,2.24
Hanford,1,US,1562896921,23,36.33,-119.65,97,13.87
Kailua,1,US,1562897201,78,21.39,-157.74,87.8,11.41
Tondano,20,ID,1562897203,58,1.3,124.91,87.8,12.75
Oranjestad,20,AW,1562897166,74,12.52,-70.03,82.4,17.22
Vestmannaeyjar,100,IS,1562897205,90,63.44,-20.27,52.58,8.63
Dingle,73,PH,1562897208,72,11,122.67,84.08,5.86
Haines Junction,54,CA,1562897209,52,60.75,-137.51,61.42,10.74
Atar,5,MR,1562897211,28,20.52,-13.05,84.03,1.36
Marsh Harbour,100,BS,1562897121,76,26.54,-77.06,84.24,10.54
Sao Paulo de Olivenca,2,BR,1562897213,97,-3.38,-68.87,70.94,1.1
Caucaia,75,BR,1562897214,78,-3.73,-38.66,86,10.29
Axim,99,GH,1562897215,89,4.87,-2.24,75.03,9.82
Sitka,59,US,1562897216,62,37.17,-99.65,78.01,9.31
Harper,1,US,1562897218,51,30.3,-99.24,88,3.36
Baghdad,0,IQ,1562897219,33,33.3,44.38,86,9.17
Kloulklubed,90,PW,1562897220,83,7.04,134.26,82.4,10.29
Port-Cartier,90,CA,1562897221,76,50.03,-66.88,55.99,3.36
Lompoc,90,US,1562897187,82,34.64,-120.46,72,12.75
Muzhi,21,RU,1562897224,71,65.4,64.7,60.32,9.64
Pijijiapan,72,MX,1562897225,69,15.69,-93.21,85.58,7.58
Egvekinot,9,RU,1562897227,26,66.32,-179.17,78.86,10.65
Sola,81,TZ,1562897228,69,-3.17,33.8,62.28,6.62
Ola,0,RU,1562897229,71,59.58,151.3,59.08,10.56
Breyten,0,ZA,1562897231,29,-26.3,29.99,42.54,2.17
Colonia,40,RO,1562897232,87,46.6,23.97,52,9.17
Erenhot,93,CN,1562897233,30,43.65,111.97,79.46,5.08
Dunedin,100,NZ,1562896991,78,-45.87,170.5,50,18.01
Macae,0,BR,1562897235,87,-22.37,-41.79,59,3.36
Prince Rupert,90,CA,1562897236,77,54.32,-130.32,64.4,6.93
Rawson,0,AR,1562897238,50,-43.3,-65.11,44.73,6.38
Airai,6,TL,1562897239,41,-8.93,125.41,84.46,1.16
Daru,37,PG,1562897240,61,-9.07,143.21,80.14,11.7
Eenhana,8,NA,1562897241,30,-17.48,16.34,53.6,2.24
Helong,97,CN,1562897242,74,25.94,116.13,84.57,12.55
Vila Franca do Campo,20,PT,1562897243,82,37.72,-25.43,68,5.82
Powell,75,US,1562897245,57,40.16,-83.08,81,3.36
Buraydah,0,SA,1562897246,30,26.33,43.97,80.6,4.7
Santa Maria,0,BR,1562896995,63,-16.02,-48.01,62.6,2.24
Roverud,0,NO,1562897248,76,60.25,12.05,57.99,5.82
Talcahuano,40,CL,1562897249,93,-36.72,-73.12,50,4.7
Hervey Bay,0,AU,1562897250,25,-25.3,152.85,81,5.82
Oriximina,1,BR,1562897253,75,-1.77,-55.87,78.84,4.61
Chuy,100,UY,1562897254,89,-33.69,-53.46,56.52,8.1
Hambantota,20,LK,1562897255,100,6.12,81.12,78.8,4.7
Chapais,90,CA,1562897256,100,49.78,-74.86,64.4,2.24
Pundaguitan,59,PH,1562897257,77,6.37,126.17,81.24,5.61
Riverton,1,US,1562897259,11,43.02,-108.38,93.2,15.43
Asbe Teferi,97,ET,1562897227,75,9.08,40.87,64.61,8.66
Coihaique,100,CL,1562897261,98,-45.58,-72.07,32,2.28
Cervo,0,BR,1562897262,63,-22.19,-46.24,51.75,4.34
Tortoli,5,IT,1562897263,88,39.93,9.66,75.2,11.41
Nuuk,2,GL,1562897125,93,64.17,-51.74,42.8,5.82
Nikki,85,BJ,1562897267,80,9.94,3.21,70.31,7.74
Quatre Cocos,20,MU,1562897268,82,-20.21,57.76,68,6.93
Brunico,75,IT,1562897269,93,46.8,11.94,55.4,1.12
White Oak,100,US,1562897270,100,39.04,-76.99,73.99,5.99
Flin Flon,64,CA,1562897271,87,54.77,-101.88,55.57,2.28
Saint-Pierre,0,FR,1562897273,77,48.95,4.24,66.2,6.93
Piterka,100,RU,1562897274,85,50.68,47.44,60.3,5.19
Lagoa,20,PT,1562897275,94,37.14,-8.45,70,5.82
River Falls,1,US,1562897276,52,44.86,-92.63,80.6,6.69
Hailar,33,CN,1562897279,42,49.2,119.7,80.57,2.8
Clyde River,90,CA,1562897281,93,70.47,-68.59,39.2,16.11
Taoudenni,42,ML,1562897282,19,22.68,-3.98,96.65,8.77
Faanui,7,PF,1562897283,69,-16.48,-151.75,78.27,5.59
Okhotsk,54,RU,1562897284,61,59.36,143.24,70.2,10.65
Liku,38,ID,1562897285,73,-0.73,119.89,81.94,10
Pisco,0,PE,1562897286,82,-13.71,-76.2,62.6,9.17
Galesong,20,ID,1562897018,62,-5.32,119.37,84.2,6.93
Forbes,99,AU,1562897290,72,-33.38,148.01,55.99,1.01
Moctezuma,100,MX,1562897291,46,29.81,-109.68,80.41,5.17
Igarka,100,RU,1562897292,90,67.47,86.57,58.93,17.81
Sechura,0,PE,1562897294,87,-5.56,-80.82,64.01,10.22
Lata,28,IN,1562897295,90,30.78,78.62,48.73,6.29
Isla Vista,0,US,1562897296,47,34.41,-119.86,84.99,12.75
Araouane,94,ML,1562897298,30,18.9,-3.53,92.78,11.79
Novomykolayivka,14,UA,1562897299,91,48.54,32.26,52.31,5.48
Meulaboh,100,ID,1562897227,80,4.14,96.13,81.81,6.26
Manokwari,33,ID,1562897071,78,-0.87,134.08,78.7,6.06
Lerwick,81,GB,1562897303,87,60.15,-1.15,51.8,12.75
Mersing,34,MY,1562897304,54,2.43,103.84,86.96,4.68
Killybegs,100,IE,1562897306,95,54.63,-8.45,55,1.99
Aykhal,90,RU,1562897307,87,65.95,111.51,59,2.24
Kieta,100,PG,1562897309,75,-6.22,155.63,81.87,2.26
Kirakira,74,SB,1562897310,74,-10.46,161.92,83.92,12.44
Quirinopolis,0,BR,1562897311,40,-18.45,-50.45,62.18,1.01
Elko,1,US,1562897312,15,40.83,-115.76,93.2,8.05
Namatanai,100,PG,1562897313,69,-3.66,152.44,79.33,25.01
Torbay,90,CA,1562897048,100,47.66,-52.73,48,10.29
Bazaliya,0,UA,1562897316,96,49.71,26.47,49.13,8.41
Innisfail,38,AU,1562897317,72,-17.52,146.03,68,5.99
Saint-Philippe,90,CA,1562897259,94,45.36,-73.48,68,3.36
Bowen,0,AU,1562897319,53,-20.01,148.25,77,9.17
Mahebourg,20,MU,1562897321,82,-20.41,57.7,68,6.93
Inhambane,0,MZ,1562897322,89,-23.87,35.38,57.37,3.83
Alta Floresta,0,BR,1562897324,73,-9.87,-56.08,71.6,1.12
Imbituba,0,BR,1562897325,93,-28.24,-48.67,60.8,3.36
Medea,20,DZ,1562897326,93,36.27,2.77,66.2,2.1
Ancud,90,CL,1562897327,93,-41.87,-73.83,46.4,14.99
Puerto Escondido,90,MX,1562897328,78,15.86,-97.07,82.4,1.03
Nadvoitsy,100,RU,1562897330,95,63.89,34.27,42.02,8.23
Black River,20,JM,1562897331,58,18.03,-77.85,87.8,6.93
Deputatskiy,74,RU,1562897332,41,69.3,139.9,72.54,10.29
Ambilobe,1,MG,1562897333,78,-13.19,49.05,69.23,8.75
Praia da Vitoria,0,PT,1562897334,94,38.73,-27.07,68,1.12
Ichinoseki,75,JP,1562897335,93,38.93,141.13,66.2,10.29
Half Moon Bay,90,US,1562897337,93,37.46,-122.43,73.99,13.87
Bulembu,0,SZ,1562897338,26,-25.95,31.13,60.8,6.93
Haicheng,9,CN,1562897339,48,40.85,122.74,84.77,10.04
Lamar,1,US,1562897340,36,38.09,-102.62,91.4,23.04
Codrington,0,AU,1562897341,28,-28.95,153.24,71.01,11.41
Puerto Baquerizo Moreno,100,EC,1562897343,83,-0.9,-89.6,71.64,13
Morrope,75,PE,1562897345,29,-6.54,-80.02,66.2,12.75
Archidona,53,EC,1562897346,96,-0.91,-77.81,57.71,4.63
Mayna,100,RU,1562897347,65,53,91.49,62.79,5.5
Mitu,0,IR,1562897349,24,36.2,46.09,69.36,3.76
Ostersund,76,SE,1562897225,87,63.18,14.64,55.4,5.82
Hasaki,75,JP,1562897351,94,35.73,140.83,70,8.05
Itoman,75,JP,1562897352,79,26.12,127.67,87.8,10.29
Itaituba,0,BR,1562897353,74,-4.26,-55.99,73.62,2.21
Demba,100,CD,1562897354,66,-5.47,22.27,72.24,1.88
Sinnamary,2,GF,1562897356,81,5.38,-52.96,80.3,14.88
Vilyuysk,41,RU,1562897357,35,63.75,121.63,85.14,5.57
Scicli,0,IT,1562897359,77,36.79,14.7,69.8,3.36
Khorramshahr,0,IR,1562897360,40,30.43,48.18,89.6,9.17
Goderich,9,CA,1562897361,92,43.74,-81.71,63,20.76
Turbat,75,PK,1562897363,71,26,63.05,82.59,3.29
Lima,90,PE,1562897364,82,-12.06,-77.04,62.6,12.75
Villamontes,92,BO,1562897365,77,-21.26,-63.47,65.87,4.47
Victoria,75,BN,1562897091,79,5.28,115.24,84.2,5.82
Mastic Beach,90,US,1562897371,88,40.77,-72.85,75.99,10.29
Alcudia,0,ES,1562897372,78,39.85,3.12,77,3.36
Tsaratanana,58,MG,1562897373,91,-16.8,47.65,60.11,6.33
Vostok,100,RU,1562897374,35,46.45,135.83,81.88,3.36
Ekhabi,93,RU,1562897375,77,53.51,142.97,59.01,7.09
Hun,97,BE,1562897377,67,50.34,4.87,64.4,6.93
Jalu,0,LY,1562897378,35,29.03,21.55,79.71,4.52
Atherton,90,AU,1562897379,78,-17.27,145.48,73.99,16.11
San Rafael del Sur,40,NI,1562897200,94,11.85,-86.44,75.2,4.7
Kichmengskiy Gorodok,100,RU,1562897381,82,59.99,45.81,48.73,1.79
Tucumcari,1,US,1562897382,35,35.17,-103.73,87.8,9.17
Auki,100,NG,1562897384,90,12.18,6.51,72.04,14.05
Kaeo,35,NZ,1562897385,88,-35.1,173.78,62.01,8.99
Salinas,1,US,1562897386,47,36.67,-121.66,84,9.17
Negombo,75,LK,1562897387,94,7.21,79.83,78.8,4.7
Aksarka,96,RU,1562897388,73,66.56,67.8,61.89,17.47
Chicama,90,PE,1562897389,93,-7.84,-79.15,62.6,8.05
Coahuayana,100,MX,1562897392,98,18.62,-100.35,71.46,3.65
Sorland,87,NO,1562897393,85,67.67,12.69,48.73,23.49
Mozhga,100,RU,1562897394,94,56.44,52.22,57.8,6.24
Ulladulla,75,AU,1562897395,48,-35.36,150.48,61,18.34
Rio Claro,0,BR,1562897396,93,-22.41,-47.56,50,2.24
Vardo,40,US,1562897398,88,39.62,-77.74,73.4,6.93
Rio Grande,100,BR,1562897399,91,-32.03,-52.1,57.96,5.19
Nushki,0,PK,1562897400,29,29.55,66.02,92.56,5.66
Suhbaatar,7,MN,1562897401,51,50.23,106.21,78,7.85
Alta,0,NO,1562897402,66,69.97,23.27,51.8,12.75
Newport,90,GB,1562897404,100,51.59,-3,64.99,10.29
Baruun-Urt,100,MN,1562897405,46,46.68,113.28,70.67,6.15
Imuris,100,MX,1562897406,23,30.78,-110.86,97,4
Saint-Georges,100,CA,1562897162,100,46.12,-70.67,69.01,4
Oranjemund,0,ZA,1562897408,87,-28.55,16.43,55.12,12.62
Wajir,18,KE,1562897409,78,1.75,40.07,71.77,10.51
Grand Gaube,20,MU,1562897172,82,-20.01,57.66,68,6.93
Eidsvag,8,NO,1562897412,87,62.78,8.07,51.8,13.87
Mitsamiouli,0,KM,1562897413,79,-11.38,43.28,76.25,20.2
Alakurtti,77,RU,1562897414,70,66.96,30.34,44.01,7
Adrar,0,DZ,1562897415,11,27.87,-0.29,96.8,9.17
Berezayka,95,RU,1562897416,86,57.99,33.91,45.08,2.62
Tambo,0,PE,1562897418,62,-12.95,-74.02,38.2,0.09
Katobu,0,ID,1562897419,65,-4.94,122.53,82.44,7.83
Chalisgaon,72,IN,1562897420,71,20.46,75,81.92,16.02
Maceio,75,BR,1562897421,94,-9.67,-35.74,73.4,3.36
Nador,75,MA,1562897247,94,35.17,-2.93,71.6,8.05
Boden,0,SE,1562897423,87,65.83,21.69,48.2,2.24
Yatou,75,CM,1562897425,94,3.63,9.81,75.2,3.36
Nouakchott,0,MR,1562897426,78,18.08,-15.98,77,11.41
Kyzyl-Suu,0,KG,1562897427,59,42.34,78,66.13,5.23
Marawi,94,PH,1562897429,77,8,124.29,82.99,5.01
Pedasi,54,PA,1562897430,91,7.53,-80.03,74.68,1.95
Leshukonskoye,5,RU,1562897431,73,64.9,45.76,45.29,8.28
Tilichiki,49,RU,1562897432,66,60.47,166.1,62,8.72
Inta,100,RU,1562897434,70,66.04,60.13,53.57,13.98
Upata,98,VE,1562897435,80,8.02,-62.41,79,1.99
Monywa,100,MM,1562897273,67,22.12,95.13,84.42,13.6
Kavieng,93,PG,1562897437,77,-2.57,150.8,81.9,18.9
Bollnas,99,SE,1562897438,57,61.35,16.39,50.48,1.86
Savannah Bight,94,HN,1562897439,78,16.45,-85.85,83.09,24.79
Veraval,0,FR,1562897441,93,49.65,0.71,59,4.7
Hami,100,CN,1562897443,26,42.84,93.51,79.85,9.62
Tulle,0,FR,1562897444,77,45.27,1.77,64.4,1.07
Parana,80,BR,1562897445,73,-7.52,-72.89,76.14,2.19
Helmsdale,100,GB,1562897446,100,58.12,-3.65,57.2,6.93
Moundsville,1,US,1562897449,93,39.92,-80.74,68,4.7
Senden,20,DE,1562897450,93,51.85,7.49,61,1.12
Ahipara,0,NZ,1562897451,84,-35.17,173.16,61.1,20.85
San Juan Ermita,100,GT,1562897452,1,14.76,-89.43,71.01,3.15
Castlemaine,100,AU,1562897453,78,-37.07,144.22,57,17.83
Biak,100,ID,1562897455,98,-0.91,122.88,63.53,5.41
Ewa Beach,40,US,1562897456,48,21.32,-158.01,87.8,13.87
Necochea,100,AR,1562897420,93,-38.55,-58.74,46.99,1.99
San Andres,30,PH,1562897458,58,13.32,122.68,89.75,4.21
Trunovskoye,75,RU,1562897459,100,45.48,42.14,59,8.95
Okha,93,RU,1562897460,77,53.59,142.95,59.01,7.09
Luanda,20,AO,1562897172,94,-8.83,13.24,69.8,5.82
Saraland,40,US,1562897464,88,30.82,-88.07,84.2,5.82
Kamina,52,CD,1562897465,45,-8.74,25,59.17,4.72
Graham,1,US,1562897466,74,33.11,-98.59,84.2,8.86
Linxia,0,CN,1562897467,49,35.6,103.21,64.61,4.81
Tieli,85,CN,1562897468,65,46.98,128.05,77.57,2.19
Nakusp,91,CA,1562897470,80,50.24,-117.8,66.99,3
Charters Towers,0,AU,1562897471,36,-20.07,146.27,73.07,9.53
Valparaiso,1,US,1562897352,48,41.47,-87.06,71.6,7.56
Samana,40,EC,1562897473,98,0.12,-76.97,69.21,2.62
Aranda de Duero,0,ES,1562897479,54,41.67,-3.69,63.42,2.98
Alghero,0,IT,1562897480,94,40.56,8.32,68,2.24
Suoyarvi,100,RU,1562897481,88,62.08,32.35,42.72,6.51
Chimbote,0,PE,1562897482,93,-9.08,-78.59,62.48,11.03
Kozhva,0,RU,1562897483,60,65.11,57.05,51.81,8.52
Warrington,90,GB,1562897484,93,53.39,-2.59,61,2.24
Lebedinyy,35,RU,1562897487,65,58.52,125.52,70.78,7.31
Chalchihuites,58,MX,1562897488,74,23.48,-103.88,62.32,5.44
Gemena,100,CD,1562897489,96,3.25,19.78,67.74,1.03
Tual,12,ID,1562897491,79,-5.67,132.75,77.26,20.56
Virden,100,CA,1562897270,84,49.85,-100.93,68.66,9.73
Brawley,75,US,1562897495,14,32.98,-115.53,107.6,9.17
Kaitangata,100,NZ,1562897496,76,-46.28,169.85,48,1.99
Srednekolymsk,80,RU,1562897497,31,67.46,153.71,84.5,1.28
Panan,75,PH,1562897498,74,15.26,120.04,86,6.93
Nemuro,75,JP,1562897499,68,43.32,145.57,66.2,13.87
Krechevitsy,9,RU,1562897501,79,58.62,31.4,44.63,3.47
Seoul,75,KR,1562897214,65,37.57,126.98,77,6.62
Abu Samrah,0,SY,1562897503,55,35.3,37.18,74.02,8.01
Lasa,90,CY,1562897504,83,34.92,32.53,78.8,9.17
Port-Gentil,100,GA,1562897506,81,-0.72,8.78,74.9,11.77
Whitehorse,75,CA,1562897508,38,60.72,-135.06,75.99,5.82
Yulara,100,AU,1562897510,26,-25.24,130.99,60.8,5.82
Springbok,0,ZA,1562897511,84,-29.67,17.88,47.78,3.04
Socorro,75,US,1562897512,42,31.65,-106.3,81,27.51
Rahimatpur,100,IN,1562897514,84,17.59,74.2,73.89,16.28
Nongan,75,CN,1562897515,65,44.43,125.17,77,4.47
Remedios,100,CO,1562897517,98,7.03,-74.7,63.88,2.77
Opuwo,0,NA,1562897518,56,-18.06,13.84,48.01,2.48
Muskogee,1,US,1562897519,65,35.75,-95.37,84.2,5.59
Deming,75,US,1562897271,34,32.27,-107.76,80.6,23.04
Lishan,100,CN,1562897522,85,24.07,102.75,66.98,4.7
Dwarka,40,IN,1562897524,49,28.58,77.04,93,11.41
San Pedro,100,AR,1562897525,88,-33.68,-59.66,57.99,4
Mehamn,0,NO,1562897526,62,71.03,27.85,44.93,6.2
Mwinilunga,0,ZM,1562897528,44,-11.73,24.43,52.58,8.03
Port Hardy,75,CA,1562897529,77,50.7,-127.42,64.4,5.82
Cravo Norte,99,CO,1562897530,88,6.3,-70.2,73.68,3.62
Soroca,0,UA,1562897531,91,48.16,28.28,48,7.34
Cuxhaven,90,DE,1562897532,93,53.87,8.7,60.01,4.7
Rangapara,100,IN,1562897534,99,26.82,92.69,70.42,4.68
Moron,11,HT,1562897535,80,18.56,-74.26,80.03,3.31
Pandan,32,PH,1562897536,70,11.72,122.09,84.75,7.74
Fort Nelson,75,CA,1562897537,26,58.81,-122.69,82.4,8.05
Santiago del Estero,27,AR,1562897538,81,-27.8,-64.26,63.09,5.68
Jacareacanga,0,BR,1562897540,66,-6.22,-57.76,73.91,0.92
Emba,90,CY,1562897541,83,34.81,32.42,78.8,9.17
Kitimat,75,CA,1562897542,82,54.02,-128.69,62.6,12.75
Cotonou,100,BJ,1562897543,92,6.37,2.43,73.7,6.31
Klaksvik,25,FO,1562897544,100,62.23,-6.59,50,8.05
Merauke,0,ID,1562897545,71,-8.49,140.4,77.91,14.18
Mae Hong Son,40,MM,1562897547,83,19.3,97.96,77,3
Princeton,40,US,1562897464,94,40.35,-74.66,73,6.49
Puerto Ayacucho,75,CO,1562897549,94,5.66,-67.63,75.2,1.03
Nyimba,80,ZM,1562897550,66,-14.56,30.81,50.24,1.45
Senno,89,RU,1562897551,93,57.76,27.95,44.6,2.24
Xai-Xai,0,MZ,1562897552,72,-25.04,33.64,58.13,5.57
Vetrisoaia,11,RO,1562897554,82,46.43,28.21,51.86,3.69
Ust-Nera,62,RU,1562897555,41,64.57,143.24,71.57,8.14
Shingu,40,JP,1562897557,88,33.72,135.99,78.8,5.82
Manaure,100,CO,1562897558,84,11.78,-72.45,78.38,16.67
Tura,82,RU,1562897559,61,64.27,100.22,63.29,12.59
Bintulu,75,MY,1562897532,83,3.17,113.03,78.8,4.7
Phek,100,IN,1562897562,97,25.7,94.46,73.8,2.19
Sakaiminato,75,JP,1562897563,88,35.55,133.23,73.4,12.75
Keroka,54,KE,1562897564,87,-0.78,34.95,58.14,3.89
Barhi,90,IN,1562897565,74,24.31,85.42,84.2,4.7
Mambajao,93,PH,1562897566,72,9.25,124.72,81.2,3.2
Denpasar,40,ID,1562897499,78,-8.65,115.22,80.6,11.41
Barcelos,5,BR,1562897452,96,-0.97,-62.93,71.63,1.54
Cockburn Town,2,TC,1562897570,82,21.46,-71.14,81.47,17.43
Tabou,83,CI,1562897571,85,4.42,-7.36,73.12,2.55
